Username,LoginTime
admin,2025-07-18 22:54:12
admin,2025-08-06 12:25:42
admin,2025-08-06 13:30:42
admin,2025-08-06 13:49:43
admin,2025-08-06 18:49:22
admin,2025-08-06 19:19:33
admin,2025-08-06 19:29:46
admin,2025-08-06 19:36:25
admin,2025-08-06 19:52:44
admin,2025-08-06 19:52:53
admin,2025-08-06 20:03:32
admin,2025-08-06 20:04:36
admin,2025-08-06 20:11:00
admin,2025-08-07 09:50:15
admin,2025-08-07 10:30:29
123,2025-12-01 20:43:14
admin,2025-12-01 20:45:55
user,2025-12-01 20:49:16
admin,2025-12-01 20:52:18
admin,2025-12-01 20:53:44
admin,2026-03-23 16:10:04
admin,2026-03-23 16:10:13
user,2026-03-23 16:12:07
